Residue,Average Solvent Accessibility
A,0.24090296495956873
D,0.5770961145194274
E,0.4855670103092784
F,0.277834179357022
G,0.24789915966386555
H,0.23695652173913043
I,0.12268244575936885
K,0.6386759581881535
L,0.1396341463414634
M,0.09361702127659574
N,0.07261146496815288
P,0.6525735294117647
Q,0.5323232323232323
R,0.4462365591397849
S,0.35615384615384615
V,0.15774647887323942
Y,0.21531531531531528
