Residue,Average Solvent Accessibility
A,0.1930592991913747
D,0.5865030674846625
E,0.46082474226804127
F,0.2795262267343485
G,0.25210084033613445
H,0.21884057971014492
I,0.13096646942800788
K,0.57595818815331
L,0.12682926829268296
M,0.09468085106382979
N,0.11210191082802548
P,0.4007352941176471
Q,0.5484848484848485
R,0.4121863799283154
S,0.3292307692307692
V,0.1683098591549296
Y,0.17567567567567569
