Residue,Average Solvent Accessibility
A,0.3240566037735849
D,0.5378323108384458
E,0.4690721649484536
F,0.383756345177665
G,0.15079365079365076
H,0.3076086956521739
I,0.32307692307692304
K,0.5241685144124169
L,0.29024390243902437
M,0.11382978723404255
N,0.5261146496815287
Q,0.44444444444444453
R,0.3
S,0.29230769230769227
V,0.2765258215962441
Y,0.4135135135135135
