Residue,Average Solvent Accessibility
A,0.17830188679245285
D,0.6220858895705521
E,0.5510037981551817
F,0.41285956006768193
G,0.37182539682539684
H,0.35154462242562934
I,0.2378698224852071
K,0.5463414634146341
L,0.19146341463414634
M,0.3031914893617021
N,0.11464968152866242
Q,0.17909867909867913
R,0.26693548387096777
S,0.35109890109890113
V,0.1953051643192488
Y,0.14504504504504503
