Residue,Average Solvent Accessibility
A,0.29690775681341713
D,0.7382413087934558
E,0.45257731958762887
F,0.22688148311630982
G,0.4269841269841271
H,0.33369565217391295
I,0.41025641025641024
K,0.6473170731707316
L,0.20182926829268294
M,0.6085106382978723
N,0.12738853503184713
Q,0.14545454545454545
R,0.5508064516129032
S,0.5369230769230768
V,0.2708920187793427
Y,0.6594594594594595
