Residue,Average Solvent Accessibility
A,0.1976415094339623
D,0.5415132924335379
E,0.5051546391752576
F,0.26531302876480545
G,0.17331932773109243
H,0.3083333333333333
I,0.28362919132149905
K,0.6048780487804877
L,0.2524390243902439
M,0.10106382978723405
N,0.6828025477707007
Q,0.10808080808080808
R,0.3524193548387097
S,0.36076923076923073
T,0.43661971830985913
V,0.16338028169014088
Y,0.16966966966966968
