Residue,Average Solvent Accessibility
A,0.21084905660377365
D,0.5697341513292433
E,0.49686239354549533
F,0.288663282571912
G,0.1834733893557423
H,0.31195652173913047
I,0.31321499013806703
K,0.575121951219512
L,0.2701219512195122
M,0.11702127659574468
N,0.4789808917197452
Q,0.0898989898989899
R,0.2927419354838709
S,0.3484615384615385
T,0.506161971830986
V,0.1859154929577465
Y,0.15215215215215214
