Residue,Average Solvent Accessibility
A,0.24858490566037736
D,0.4281141637770072
E,0.40584192439862543
F,0.34865081485439486
G,0.278968253968254
H,0.272463768115942
I,0.17357001972386588
K,0.5941463414634145
L,0.2931184668989547
M,0.10106382978723402
N,0.22802547770700637
Q,0.09494949494949494
R,0.24775985663082434
S,0.39175824175824175
V,0.4157276995305164
Y,0.6009009009009009
