Residue,Average Solvent Accessibility
A,0.13160377358490566
D,0.5075664621676891
E,0.33966359196961476
F,0.25076142131979695
G,0.2722222222222222
H,0.31231884057971016
I,0.11676528599605523
K,0.5720867208672088
L,0.16463414634146342
M,0.07127659574468086
N,0.07898089171974522
Q,0.2
R,0.33870967741935487
S,0.2489010989010989
T,0.5792253521126761
V,0.22863849765258223
Y,0.4484484484484484
