Residue,Average Solvent Accessibility
A,0.13349056603773585
D,0.44948875255623727
E,0.3372219207813347
F,0.25888324873096447
G,0.19682539682539685
H,0.31340579710144933
I,0.11558185404339251
K,0.5550135501355016
L,0.14329268292682928
M,0.07765957446808511
N,0.09936305732484077
Q,0.16262626262626262
R,0.26935483870967747
S,0.19285714285714284
T,0.5158450704225351
V,0.23708920187793434
Y,0.39789789789789787
