Residue,Average Solvent Accessibility
A,0.21037735849056607
D,0.5742331288343558
E,0.5062398263700488
F,0.25211505922165817
G,0.18015873015873013
H,0.5413043478260869
I,0.25973217066334475
K,0.606341463414634
L,0.15379403794037938
M,0.3670212765957447
N,0.2789808917197452
Q,0.1414141414141414
R,0.42204301075268824
S,0.5138461538461538
T,0.301056338028169
V,0.2784037558685446
Y,0.06306306306306306
