Residue,Average Solvent Accessibility
A,0.23850235849056606
D,0.6912065439672802
E,0.40721649484536093
F,0.2311336717428088
G,0.2357142857142857
H,0.32282608695652176
I,0.13333333333333333
K,0.5834146341463413
L,0.19085365853658537
M,0.09893617021276596
N,0.17961783439490447
Q,0.1181818181818182
R,0.4443548387096774
S,0.36076923076923084
V,0.15352112676056337
Y,0.18198198198198198
