Residue,Average Solvent Accessibility
A,0.12264150943396228
D,0.5053277365192121
E,0.41890034364261164
F,0.2609137055837563
G,0.20039682539682543
H,0.3315217391304348
I,0.13175542406311636
K,0.4385365853658536
L,0.1528745644599303
M,0.12234042553191489
N,0.1554140127388535
Q,0.07474747474747476
R,0.3354838709677419
S,0.2987179487179487
V,0.16784037558685444
Y,0.27577577577577583
