Residue,Average Solvent Accessibility
A,0.14544025157232707
D,0.5217952857604132
E,0.4285223367697594
F,0.25076142131979695
G,0.18015873015873013
H,0.3644927536231884
I,0.1329388560157791
K,0.4892682926829267
L,0.16855400696864112
M,0.08085106382978724
N,0.1681528662420382
Q,0.10101010101010102
R,0.3629032258064516
S,0.2649572649572649
V,0.165962441314554
Y,0.28028028028028024
