Residue,Average Solvent Accessibility
A,0.27594339622641517
D,0.4224948875255624
E,0.4869415807560138
F,0.223538259071254
G,0.4456349206349206
H,0.40253623188405785
I,0.28402366863905326
K,0.5547038327526131
L,0.3018292682926829
M,0.40106382978723404
N,0.5694267515923567
Q,0.37542087542087543
R,0.5088709677419354
S,0.5484615384615386
T,0.17957746478873238
V,0.5511737089201877
Y,0.9135135135135135
