Residue,Average Solvent Accessibility
A,0.20047169811320759
D,0.5848670756646217
E,0.39759450171821303
F,0.2717428087986464
G,0.31825396825396823
H,0.27059496567505714
I,0.24322640921831204
K,0.5307317073170733
L,0.22621951219512199
M,0.29964539007092195
N,0.6968152866242038
Q,0.23348873348873347
R,0.3911290322580645
S,0.18307692307692305
V,0.25962441314553986
Y,0.39989989989989994
