Residue,Average Solvent Accessibility
A,0.2169811320754717
D,0.5611451942740285
E,0.5058419243986254
F,0.29712351945854476
G,0.27556022408963576
H,0.4648550724637681
I,0.2571992110453649
K,0.5156097560975609
L,0.21578590785907859
M,0.2521276595744681
N,0.4356687898089172
Q,0.22626262626262625
R,0.23870967741935484
S,0.45615384615384613
T,0.27816901408450706
V,0.30318754633061534
Y,0.13153153153153155
