Residue,Average Solvent Accessibility
A,0.19622641509433966
D,0.5357873210633948
E,0.5415807560137457
F,0.25448392554991534
G,0.25555555555555554
H,0.37318840579710144
I,0.2453648915187377
K,0.557560975609756
L,0.17621951219512194
M,0.15319148936170213
N,0.310828025477707
Q,0.13232323232323231
R,0.4475806451612903
S,0.35950226244343897
V,0.17793427230046946
Y,0.23783783783783785
