Residue,Average Solvent Accessibility
A,0.2665094339622642
D,0.5341513292433538
E,0.3618556701030927
F,0.28159230563718946
G,0.2908730158730159
H,0.15503432494279176
I,0.2672064777327935
K,0.5428571428571429
L,0.3042682926829268
M,0.12765957446808512
N,0.10318471337579618
P,0.2040441176470588
Q,0.14646464646464646
R,0.34274193548387094
S,0.4938461538461539
T,0.24647887323943662
V,0.3936619718309859
Y,0.6108108108108108
