Residue,Average Solvent Accessibility
A,0.18497304582210244
D,0.6388548057259714
E,0.39828178694158073
F,0.26182206786000534
G,0.3690476190476191
H,0.31739130434782603
I,0.1881656804733728
K,0.581951219512195
L,0.13109756097560976
M,0.33404255319148934
N,0.36178343949044584
Q,0.09494949494949495
R,0.5717741935483871
S,0.4592307692307692
V,0.2563380281690141
Y,0.44054054054054054
