Residue,Average Solvent Accessibility
A,0.29559748427672955
D,0.6703476482617587
E,0.38247422680412363
F,0.267005076142132
G,0.38293650793650796
H,0.23297101449275362
I,0.442603550295858
K,0.6546341463414633
L,0.17378048780487804
M,0.09692671394799053
N,0.5145081387119604
Q,0.2789001122334456
R,0.5637096774193548
S,0.41769230769230764
V,0.23819386909693452
Y,0.8171171171171171
