Residue,Average Solvent Accessibility
A,0.2084905660377359
D,0.4061349693251534
E,0.37285223367697584
F,0.1922165820642978
G,0.2619047619047619
H,0.273741418764302
I,0.2958579881656805
K,0.4894308943089432
L,0.30609756097560975
M,0.07553191489361702
N,0.1070063694267516
Q,0.2783389450056117
R,0.4080645161290323
S,0.45076923076923076
T,0.04929577464788732
V,0.37089201877934275
Y,0.417917917917918
