Residue,Average Solvent Accessibility
A,0.27358490566037735
D,0.4903885480572596
E,0.445360824742268
F,0.2856175972927242
G,0.2781954887218045
H,0.25326086956521743
I,0.2457178449081283
K,0.5512195121951219
L,0.08353658536585365
M,0.2049918166939443
N,0.4777070063694267
Q,0.13333333333333333
R,0.5524193548387097
S,0.5753846153846154
V,0.3171361502347418
Y,0.6072072072072071
