Residue,Average Solvent Accessibility
A,0.21415094339622645
D,0.7251533742331288
E,0.4036896364622897
F,0.30118443316412863
G,0.3210317460317461
H,0.27463768115942033
I,0.3057199211045365
K,0.535609756097561
L,0.32249322493224936
M,0.27659574468085113
N,0.5095541401273885
Q,0.2575757575757576
R,0.4491935483870968
S,0.41230769230769226
V,0.2664319248826292
Y,0.5735735735735735
