Residue,Average Solvent Accessibility
A,0.2654373927958833
D,0.5394683026584867
E,0.3247422680412371
F,0.2548223350253807
G,0.23452380952380952
H,0.27753623188405796
I,0.13254437869822486
K,0.557560975609756
L,0.1823170731707317
M,0.05957446808510638
N,0.09299363057324841
Q,0.13232323232323231
R,0.3233870967741935
S,0.3915384615384615
V,0.2211267605633803
Y,0.6756756756756757
