Residue,Average Solvent Accessibility
A,0.20000000000000004
D,0.6903885480572598
E,0.44639175257731956
F,0.2307952622673435
G,0.3154761904761906
H,0.3394927536231884
I,0.1648915187376726
K,0.5687804878048779
L,0.12560975609756098
M,0.42765957446808506
N,0.5312101910828025
Q,0.10404040404040404
R,0.49838709677419357
S,0.23076923076923078
V,0.26197183098591553
Y,0.22252252252252253
