Residue,Average Solvent Accessibility
A,0.27620545073375263
D,0.5562372188139058
E,0.4553264604810997
F,0.2328257191201354
G,0.22619047619047625
H,0.35253623188405797
I,0.147534516765286
K,0.6112195121951218
L,0.16768292682926828
M,0.07021276595744681
N,0.14904458598726114
Q,0.08484848484848484
R,0.4153225806451613
S,0.3
V,0.16244131455399063
Y,0.13063063063063063
