Residue,Average Solvent Accessibility
A,0.26611635220125784
D,0.6515337423312885
E,0.5501899077590884
F,0.2572802564787603
G,0.21393557422969178
H,0.34420289855072467
I,0.2962524654832347
K,0.6073170731707317
L,0.12012195121951219
M,0.42659574468085104
N,0.2917197452229299
Q,0.23625140291806965
R,0.682258064516129
S,0.4776923076923076
V,0.32136150234741795
Y,0.5175175175175175
