Residue,Average Solvent Accessibility
A,0.28773584905660377
D,0.5179205682918954
E,0.4958762886597939
F,0.2619289340101523
G,0.4531746031746032
H,0.4865942028985507
I,0.28222279392847954
K,0.5574912891986064
L,0.33963414634146344
M,0.1288416075650118
N,0.1872611464968153
Q,0.2666666666666667
R,0.4362903225806451
S,0.24076923076923076
V,0.3164871582435791
Y,0.5405405405405406
