Residue,Average Solvent Accessibility
A,0.24442538593481994
D,0.5730061349693253
E,0.35567010309278346
F,0.2632825719120135
G,0.2051587301587302
H,0.3047101449275363
I,0.11203155818540435
K,0.5180487804878048
L,0.15304878048780488
M,0.06808510638297871
N,0.08407643312101912
Q,0.0797979797979798
R,0.4338709677419355
S,0.35153846153846147
V,0.20845070422535214
Y,0.7648648648648647
