Residue,Average Solvent Accessibility
A,0.264622641509434
D,0.4912065439672802
E,0.5027491408934708
F,0.33874788494077834
G,0.2710084033613445
H,0.528623188405797
I,0.28954635108481264
K,0.6448780487804877
L,0.20020325203252032
M,0.2648936170212766
N,0.31719745222929935
Q,0.14141414141414138
R,0.18870967741935482
S,0.5
T,0.22535211267605634
V,0.2707561156412157
Y,0.14864864864864863
