Residue,Average Solvent Accessibility
A,0.1707547169811321
D,0.5529652351738241
E,0.5062752129090093
F,0.26869712351945857
G,0.25735294117647056
H,0.3829710144927535
I,0.13885601577909273
K,0.6097560975609756
L,0.19207317073170732
M,0.10106382978723405
N,0.1248407643312102
Q,0.11717171717171718
R,0.3790322580645162
S,0.3384615384615384
T,0.3882042253521127
V,0.19859154929577466
Y,0.1921921921921922
