Residue,Average Solvent Accessibility
A,0.16839622641509436
D,0.5738241308793456
E,0.4554011653966831
F,0.2859560067681895
G,0.2478991596638655
H,0.38623188405797104
I,0.1341222879684418
K,0.5770731707317073
L,0.16524390243902437
M,0.0851063829787234
N,0.11210191082802548
Q,0.15050505050505053
R,0.39193548387096777
S,0.3392307692307693
T,0.34947183098591544
V,0.1852112676056338
Y,0.14964964964964966
