Residue,Average Solvent Accessibility
A,0.30330188679245285
D,0.6916155419222905
E,0.4683848797250859
F,0.3715736040609137
G,0.35198412698412695
H,0.29818840579710143
I,0.21617357001972384
K,0.5370731707317074
L,0.25914634146341464
M,0.22576832151300236
N,0.44515215852795464
Q,0.14444444444444443
R,0.46451612903225803
S,0.36307692307692313
V,0.284175642087821
Y,0.3631323631323632
