Residue,Average Solvent Accessibility
A,0.1872641509433962
D,0.5591002044989775
E,0.46151202749140885
F,0.3354667843743103
G,0.3345238095238095
H,0.27463768115942033
I,0.22090729783037472
K,0.4951219512195122
L,0.20670731707317075
M,0.5563829787234043
N,0.594904458598726
P,0.34099264705882354
Q,0.13535353535353534
R,0.4104838709677419
S,0.2746153846153846
V,0.32582159624413143
Y,0.3954954954954955
