Residue,Average Solvent Accessibility
A,0.26808176100628933
D,0.5828220858895706
E,0.5254295532646048
F,0.24166850584859853
G,0.273015873015873
H,0.519927536231884
I,0.2796844181459566
K,0.4951219512195122
L,0.10914634146341462
M,0.30851063829787234
N,0.4101910828025478
Q,0.06767676767676768
R,0.2935483870967742
S,0.5684615384615385
V,0.30140845070422534
Y,0.19099099099099098
