Residue,Average Solvent Accessibility
A,0.20754716981132085
D,0.63640081799591
E,0.43711340206185567
F,0.2629441624365482
G,0.26626984126984127
H,0.36086956521739133
I,0.32465483234714004
K,0.5873170731707317
L,0.16829268292682925
M,0.24361702127659574
N,0.6484076433121019
P,0.3740808823529412
Q,0.10808080808080808
R,0.3758064516129032
S,0.31384615384615383
V,0.17230046948356806
Y,0.22972972972972974
