Residue,Average Solvent Accessibility
A,0.2971698113207547
D,0.6478527607361962
E,0.4814432989690722
F,0.2829103214890017
G,0.22023809523809523
H,0.3963768115942029
I,0.22800788954635104
K,0.6595121951219513
L,0.17560975609756097
M,0.09361702127659574
N,0.6331210191082803
Q,0.11919191919191921
R,0.3717741935483871
S,0.26384615384615384
V,0.17230046948356809
Y,0.263963963963964
