Residue,Average Solvent Accessibility
A,0.13867924528301886
D,0.5476482617586912
E,0.3821305841924399
F,0.25109983079526227
G,0.21008403361344535
H,0.30552930056710775
I,0.12741617357001975
K,0.5697560975609756
L,0.15365853658536588
M,0.06855791962174941
N,0.11719745222929936
Q,0.2906846240179573
R,0.3902329749103942
S,0.3261538461538461
V,0.1943661971830986
Y,0.5099099099099099
