Residue,Average Solvent Accessibility
A,0.13207547169811323
D,0.5157464212678937
E,0.33505154639175255
F,0.23722504230118444
G,0.24124649859943978
H,0.3305765595463138
I,0.13096646942800788
K,0.5585365853658536
L,0.14390243902439026
M,0.09101654846335697
N,0.09044585987261147
Q,0.2901234567901235
R,0.40188172043010745
S,0.38076923076923075
V,0.21877934272300473
Y,0.5405405405405406
