Residue,Average Solvent Accessibility
A,0.24371069182389937
D,0.5947691314175008
E,0.4615120274914089
F,0.29035532994923857
G,0.3059523809523809
H,0.4028985507246377
I,0.21420118343195269
K,0.6234146341463414
L,0.2652439024390244
M,0.1607565011820331
N,0.06369426751592357
Q,0.12626262626262624
R,0.37410394265232977
S,0.3423076923076923
V,0.16572769953051647
Y,0.2018018018018018
