Residue,Average Solvent Accessibility
A,0.2232704402515724
D,0.6924335378323109
E,0.4742268041237113
F,0.25245346869712354
G,0.2444444444444444
H,0.3827231121281464
I,0.2923076923076923
K,0.5114982578397212
L,0.22439024390243906
M,0.1578014184397163
N,0.0713375796178344
Q,0.09797979797979797
R,0.5098566308243728
S,0.37252747252747254
V,0.1830985915492958
Y,0.2594594594594595
