Residue,Average Solvent Accessibility
A,0.18820754716981136
D,0.5198579270261543
E,0.5017182130584191
F,0.25583756345177666
G,0.16984126984126982
H,0.3498283752860412
I,0.2942800788954635
K,0.6491289198606272
L,0.19250871080139373
M,0.1372340425531915
N,0.5375796178343949
Q,0.09595959595959595
R,0.4640198511166253
S,0.33307692307692305
V,0.1669014084507042
Y,0.12612612612612611
